Domain,IP
example0.com.,172.1.0.0
example1.com.,172.1.0.1
example2.com.,172.1.0.2
example3.com.,172.1.0.3
example4.com.,172.1.0.4
example5.com.,172.1.0.5
example6.com.,172.1.0.6
example7.com.,172.1.0.7
example8.com.,172.1.0.8
example9.com.,172.1.0.9
example10.com.,172.1.0.10
example11.com.,172.1.0.11
example12.com.,172.1.0.12
example13.com.,172.1.0.13
example14.com.,172.1.0.14
example15.com.,172.1.0.15
example16.com.,172.1.0.16
example17.com.,172.1.0.17
example18.com.,172.1.0.18
example19.com.,172.1.0.19
example20.com.,172.1.0.20
example21.com.,172.1.0.21
example22.com.,172.1.0.22
example23.com.,172.1.0.23
example24.com.,172.1.0.24
example25.com.,172.1.0.25
example26.com.,172.1.0.26
example27.com.,172.1.0.27
example28.com.,172.1.0.28
example29.com.,172.1.0.29
example30.com.,172.1.0.30
example31.com.,172.1.0.31
example32.com.,172.1.0.32
example33.com.,172.1.0.33
example34.com.,172.1.0.34
example35.com.,172.1.0.35
example36.com.,172.1.0.36
example37.com.,172.1.0.37
example38.com.,172.1.0.38
example39.com.,172.1.0.39
example40.com.,172.1.0.40
example41.com.,172.1.0.41
example42.com.,172.1.0.42
example43.com.,172.1.0.43
example44.com.,172.1.0.44
example45.com.,172.1.0.45
example46.com.,172.1.0.46
example47.com.,172.1.0.47
example48.com.,172.1.0.48
example49.com.,172.1.0.49
example50.com.,172.1.0.50
example51.com.,172.1.0.51
example52.com.,172.1.0.52
example53.com.,172.1.0.53
example54.com.,172.1.0.54
example55.com.,172.1.0.55
example56.com.,172.1.0.56
example57.com.,172.1.0.57
example58.com.,172.1.0.58
example59.com.,172.1.0.59
example60.com.,172.1.0.60
example61.com.,172.1.0.61
example62.com.,172.1.0.62
example63.com.,172.1.0.63
example64.com.,172.1.0.64
example65.com.,172.1.0.65
example66.com.,172.1.0.66
example67.com.,172.1.0.67
example68.com.,172.1.0.68
example69.com.,172.1.0.69
example70.com.,172.1.0.70
example71.com.,172.1.0.71
example72.com.,172.1.0.72
example73.com.,172.1.0.73
example74.com.,172.1.0.74
example75.com.,172.1.0.75
example76.com.,172.1.0.76
example77.com.,172.1.0.77
example78.com.,172.1.0.78
example79.com.,172.1.0.79
example80.com.,172.1.0.80
example81.com.,172.1.0.81
example82.com.,172.1.0.82
example83.com.,172.1.0.83
example84.com.,172.1.0.84
example85.com.,172.1.0.85
example86.com.,172.1.0.86
example87.com.,172.1.0.87
example88.com.,172.1.0.88
example89.com.,172.1.0.89
example90.com.,172.1.0.90
example91.com.,172.1.0.91
example92.com.,172.1.0.92
example93.com.,172.1.0.93
example94.com.,172.1.0.94
example95.com.,172.1.0.95
example96.com.,172.1.0.96
example97.com.,172.1.0.97
example98.com.,172.1.0.98
example99.com.,172.1.0.99
